code,name,region,population,area,land,sea,ocean,density,bounds_ne_lat_google_2015_05_28,bounds_ne_lng_google_2015_05_28,bounds_sw_lat_google_2015_05_28,bounds_sw_lng_google_2015_05_28,location_lat_google_2015_05_28,location_lng_google_2015_05_28
0114,Upplands Väsby kommun,Stockholms län,43891,83.82,75.01,4.84,0.00,585.14,59.5576182,18.0040651,59.4582726,17.8572368,59.51961,17.92834
0115,Vallentuna kommun,Stockholms län,32785,368.45,357.74,10.71,0.00,91.64,59.53162308,17.96806018,59.52892512,17.96536222,59.5302741,17.9667112
0117,Österåkers kommun,Stockholms län,43293,554.65,312.37,10.90,231.18,138.60,59.600716,18.968054,59.3849541,18.1447791,59.5000584,18.3524853
0120,Värmdö kommun,Stockholms län,42000,2980.99,448.12,8.46,2523.54,93.72,59.3640911,18.462124,59.2984415,18.325353,59.333333,18.383333
0123,Järfälla kommun,Stockholms län,74412,63.03,53.79,1.11,0.00,1383.38,59.4157427,17.8528114,59.4043863,17.8207966,59.410065,17.836804
0125,Ekerö kommun,Stockholms län,27406,384.53,217.46,1.16,0.00,126.03,59.2955809,17.8639943,59.2625319,17.7235888,59.2798338,17.7902246
0126,Huddinge kommun,Stockholms län,107538,140.67,131.03,8.66,0.00,820.71,59.2866631,18.1764119,59.1392181,17.866803,59.23633,17.9821561
0127,Botkyrka kommun,Stockholms län,90675,222.31,194.15,10.74,12.73,467.04,59.2640638,17.94174,59.175961,17.7542463,59.2459411,17.8408583
0128,Salems kommun,Stockholms län,16615,71.09,54.11,7.27,0.00,307.06,59.223043,17.7953711,59.18936,17.7080919,59.2,17.766667
0136,Haninge kommun,Stockholms län,85693,2161.18,457.85,6.52,1696.50,187.16,59.1884394,18.167098,59.1770069,18.1350832,59.1827236,18.1510906
0138,Tyresö kommun,Stockholms län,47103,100.52,69.23,3.39,27.91,680.38,59.258714,18.3157629,59.2087207,18.1754999,59.2425954,18.2833919
0139,Upplands-Bro kommun,Stockholms län,26755,325.23,235.29,6.82,0.00,113.71,59.6494755,17.8308551,59.4314551,17.4796776,59.5094727,17.6144117
0140,Nykvarns kommun,Stockholms län,10424,176.99,152.74,16.27,0.00,68.25,59.1957279,17.4755061,59.1510149,17.3872201,59.178177,17.427816
0160,Täby kommun,Stockholms län,69386,71.22,60.69,5.34,5.19,1143.29,59.50914,18.1494549,59.417161,17.9831791,59.4419,18.0703299
0162,Danderyds kommun,Stockholms län,32653,32.67,26.40,0.15,6.12,1236.86,59.429869,18.0512542,59.386519,17.9916912,59.4079049,18.019075
0163,Sollentuna kommun,Stockholms län,71023,57.96,52.62,3.21,2.14,1349.73,59.4984,18.0163742,59.3929649,17.825145,59.43911,17.94148
0180,Stockholms kommun,Stockholms län,935619,214.12,187.16,4.46,7.27,4999.03,59.4278409,18.198229,59.224443,17.7768619,59.3293235,18.0685808
0181,Södertälje kommun,Stockholms län,94631,694.57,524.86,33.27,83.68,180.30,59.2242369,17.686328,59.145044,17.553966,59.195363,17.625689
0182,Nacka kommun,Stockholms län,99359,128.46,95.12,4.13,29.58,1044.56,59.324012,18.1919651,59.2896071,18.1025549,59.307903,18.156042
0183,Sundbybergs kommun,Stockholms län,47750,8.79,8.69,0.06,0.00,5494.82,59.3574018,18.0094748,59.3548677,17.9973473,59.3555208,18.0034869
0184,Solna kommun,Stockholms län,78129,20.66,19.29,0.19,1.65,4050.23,59.399706,18.0550844,59.3392301,17.9631101,59.3688791,18.0084334
0186,Lidingö kommun,Stockholms län,46853,51.11,30.80,0.38,19.87,1521.20,59.3915493,18.2936239,59.3349147,18.0935972,59.36296,18.1468
0187,Vaxholms kommun,Stockholms län,11621,106.85,57.84,0.51,48.72,200.92,59.4564151,18.2222554,59.4308553,18.1404561,59.452788,18.183603
0188,Norrtälje kommun,Stockholms län,59420,5869.88,2015.35,98.63,3755.27,29.48,59.7786732,18.7473535,59.7391301,18.6671649,59.7595841,18.7013584
0191,Sigtuna kommun,Stockholms län,46274,350.26,327.66,4.41,0.00,141.23,59.631673,17.7768909,59.5950224,17.6708235,59.6191463,17.7234191
0192,Nynäshamns kommun,Stockholms län,27752,1300.87,358.75,6.76,935.33,77.36,58.94371,17.9805926,58.8811081,17.9128592,58.902926,17.9465289
0305,Håbo kommun,Uppsala län,20737,186.47,143.55,1.48,0.00,144.46,59.904146,17.7709899,59.7624129,17.5459043,59.8585638,17.6389267
0319,Älvkarleby kommun,Uppsala län,9445,614.85,215.24,20.29,378.60,43.88,60.585658,17.4660351,60.557145,17.4298978,60.5686067,17.4489129
0330,Knivsta kommun,Uppsala län,17323,295.11,282.13,4.25,0.00,61.40,59.7305958,17.8166104,59.7193452,17.7845956,59.724971,17.800603
0331,Heby kommun,Uppsala län,13755,1225.58,1166.90,58.68,0.00,11.79,60.7313874,18.7711579,59.4050129,16.678336,60.0092262,17.2714589
0360,Tierps kommun,Uppsala län,20744,2573.61,1546.33,58.13,969.34,13.41,60.365315,17.5421131,60.3287969,17.4962908,60.3458956,17.516906
0380,Uppsala kommun,Uppsala län,214559,2234.44,2182.41,40.76,0.00,98.31,59.904146,17.7709899,59.7624129,17.5459043,59.8585638,17.6389267
0381,Enköpings kommun,Uppsala län,42988,1323.82,1178.35,4.64,0.00,36.48,59.8551211,17.59317,59.8451654,17.5511117,59.8496675,17.5726536
0382,Östhammars kommun,Uppsala län,21822,3486.25,1474.61,28.06,1984.22,14.80,60.26175708,18.37242068,60.25905912,18.36972272,60.2604081,18.3710717
0428,Vingåkers kommun,Södermanlands län,9099,439.45,370.32,41.51,0.00,24.57,59.0735809,15.8961489,59.0271121,15.8532942,59.046478,15.876965
0461,Gnesta kommun,Södermanlands län,10861,538.14,461.11,77.03,0.00,23.55,59.04988038,17.30765168,59.04718242,17.30495372,59.0485314,17.3063027
0480,Nyköpings kommun,Södermanlands län,54924,2066.54,1420.46,133.93,512.02,38.67,58.75404578,17.00991578,58.75134782,17.00721782,58.7526968,17.0085668
0481,Oxelösunds kommun,Södermanlands län,11921,746.59,35.43,0.16,710.95,336.47,58.67249598,17.10835398,58.66979802,17.10565602,58.671147,17.107005
0482,Flens kommun,Södermanlands län,16830,826.04,718.49,107.55,0.00,23.42,59.070989,16.6174309,59.0409961,16.5666509,59.0579376,16.5879122
0483,Katrineholms kommun,Södermanlands län,33722,1189.54,1020.16,94.07,0.00,33.06,59.007928,16.2507348,58.9743879,16.139623,58.9955511,16.2054756
0484,Eskilstuna kommun,Södermanlands län,103684,1250.49,1099.89,22.97,0.00,94.27,59.4087279,16.5885638,59.327076,16.4245331,59.3712486,16.5098045
0486,Strängnäs kommun,Södermanlands län,34609,975.09,739.42,15.27,0.00,46.81,59.400146,17.061378,59.3436841,16.9721279,59.3774523,17.0321193
0488,Trosa kommun,Södermanlands län,12447,664.67,209.79,7.62,447.35,59.33,58.9144399,17.5710619,58.8903629,17.5315089,58.8985136,17.5513527
0509,Ödeshögs kommun,Östergötlands län,5335,668.99,433.97,16.31,0.00,12.29,58.238214,14.6778449,58.220175,14.6340051,58.2291051,14.6530212
0512,Ydre kommun,Östergötlands län,3675,778.62,675.39,103.23,0.00,5.44,58.0490711,15.5690311,57.702259,14.9877159,57.8595195,15.2973458
0513,Kinda kommun,Östergötlands län,9874,1301.96,1129.40,172.56,0.00,8.74,58.142883,16.0911802,57.8041161,15.640129,57.9535789,15.8479635
0560,Boxholms kommun,Östergötlands län,5373,603.87,525.74,78.13,0.00,10.22,58.210788,15.0682551,58.1803831,15.0229469,58.1966895,15.0474881
0561,Åtvidabergs kommun,Östergötlands län,11617,780.28,686.60,93.68,0.00,16.92,58.2139331,16.0214571,58.1830461,15.967212,58.2021898,15.9972698
0562,Finspångs kommun,Östergötlands län,21526,1215.04,1055.25,159.79,0.00,20.40,58.722167,15.831963,58.6872099,15.7247072,58.7074884,15.773595
0563,Valdemarsviks kommun,Östergötlands län,7809,2049.57,733.97,43.12,1272.46,10.64,58.218258,16.6163648,58.1934421,16.572921,58.2024514,16.6013626
0580,Linköpings kommun,Östergötlands län,155817,1568.57,1427.72,140.85,0.00,109.14,58.39551438,15.56131278,58.39281642,15.55861482,58.3941654,15.5599638
0581,Norrköpings kommun,Östergötlands län,139363,2048.39,1495.52,108.99,443.08,93.19,58.706099,15.8471323,58.7021904,15.7667674,58.7023914,15.8071836
0582,Söderköpings kommun,Östergötlands län,14402,1330.55,674.27,19.38,631.54,21.36,58.46574468,16.35795648,58.46304672,16.35525852,58.4643957,16.3566075
0583,Motala kommun,Östergötlands län,43258,1266.75,982.99,68.54,0.00,44.01,58.5427835,15.01385,58.5401715,15.0073081,58.5414775,15.0105791
0584,Vadstena kommun,Östergötlands län,7348,413.26,191.60,16.46,0.00,38.35,58.45348908,14.90082318,58.45079112,14.89812522,58.4521401,14.8994742
0586,Mjölby kommun,Östergötlands län,26708,557.38,547.00,10.38,0.00,48.83,58.2782271,14.6923084,58.2311362,14.6480021,58.2497209,14.6543704
0604,Aneby kommun,Jönköpings län,6603,553.89,517.68,36.21,0.00,12.75,57.849852,14.8278439,57.8250111,14.789236,57.838521,14.8178021
0617,Gnosjö kommun,Jönköpings län,9615,450.05,420.55,29.50,0.00,22.86,57.3696891,13.7677981,57.339139,13.7204112,57.3580398,13.7371898
0642,Mullsjö kommun,Jönköpings län,7226,211.04,200.13,10.91,0.00,36.11,57.9303341,13.9049962,57.899339,13.8537402,57.9165989,13.8773174
0643,Habo kommun,Jönköpings län,11586,462.24,328.49,6.25,0.00,35.27,57.92307,14.105306,57.8931019,14.0560171,57.9093094,14.0743665
0662,Gislaveds kommun,Jönköpings län,29478,1220.72,1137.07,83.65,0.00,25.92,57.321566,13.5836202,57.280877,13.5124279,57.2985,13.54326
0665,Vaggeryds kommun,Jönköpings län,13644,858.15,824.88,33.27,0.00,16.54,57.5047019,14.1627474,57.4927111,14.1307326,57.498707,14.14674
0680,Jönköpings kommun,Jönköpings län,135297,1925.01,1480.21,73.54,0.00,91.40,57.78514398,14.16297798,57.78244602,14.16028002,57.783795,14.161629
0682,Nässjö kommun,Jönköpings län,30820,988.50,930.22,58.28,0.00,33.13,57.65397338,14.69968878,57.65127542,14.69699082,57.6526244,14.6983398
0683,Värnamo kommun,Jönköpings län,33906,1382.43,1215.82,166.61,0.00,27.89,57.218454,14.0946799,57.160463,13.9924661,57.1831605,14.0478214
0684,Sävsjö kommun,Jönköpings län,11396,729.56,679.30,50.26,0.00,16.78,57.4117899,14.6843229,57.3825861,14.643416,57.3989958,14.6658136
0685,Vetlanda kommun,Jönköpings län,27241,1600.42,1500.35,100.07,0.00,18.16,57.451331,15.121841,57.3921311,15.04801,57.42746,15.08533
0686,Eksjö kommun,Jönköpings län,17129,873.30,799.40,73.90,0.00,21.43,57.777193,15.3398519,57.4969789,14.7890102,57.5909402,15.0239091
0687,Tranås kommun,Jönköpings län,18794,437.74,402.60,35.14,0.00,46.68,58.057912,15.01115,58.005672,14.9431549,58.035518,14.975696
0760,Uppvidinge kommun,Kronobergs län,9508,1226.65,1171.88,54.77,0.00,8.11,57.018246,15.7965239,56.8305691,15.1323129,56.9373436,15.4446016
0761,Lessebo kommun,Kronobergs län,8760,456.36,412.54,43.82,0.00,21.23,56.8297769,15.411291,56.6857991,15.225855,56.7573602,15.318206
0763,Tingsryds kommun,Kronobergs län,12393,1207.25,1044.76,162.49,0.00,11.86,56.537858,14.9983701,56.516002,14.940799,56.5247452,14.9785342
0764,Alvesta kommun,Kronobergs län,19850,1074.26,974.11,100.15,0.00,20.38,56.915449,14.5858261,56.886719,14.5146531,56.8992104,14.5560006
0765,Älmhults kommun,Kronobergs län,16618,978.22,890.50,87.72,0.00,18.66,56.5571197,14.1550304,56.5448193,14.1230156,56.55097,14.139023
0767,Markaryds kommun,Kronobergs län,9991,532.84,517.15,15.69,0.00,19.32,57.238187,15.844141,56.3566439,13.2767319,56.7183403,14.4114674
0780,Växjö kommun,Kronobergs län,89500,1914.25,1665.45,248.80,0.00,53.74,56.8800485,14.6209858,56.8724508,14.5994842,56.8750413,14.6091742
0781,Ljungby kommun,Kronobergs län,28008,1995.13,1747.88,247.25,0.00,16.02,56.856567,13.9836381,56.809782,13.8987431,56.8338774,13.9410417
0821,Högsby kommun,Kalmar län,6080,799.42,751.10,48.32,0.00,8.09,57.1711376,16.0422364,57.1590374,16.0102216,57.165088,16.026229
0834,Torsås kommun,Kalmar län,7063,605.23,468.35,1.59,135.29,15.08,56.41396868,16.00011988,56.41127072,15.99742192,56.4126197,15.9987709
0840,Mörbylånga kommun,Kalmar län,14916,3043.54,667.25,1.20,2374.97,22.35,56.530862,16.4097581,56.50701,16.371316,56.5237566,16.3869163
0860,Hultsfreds kommun,Kalmar län,14607,1187.00,1121.50,65.50,0.00,13.02,57.512664,15.867641,57.4769979,15.8108539,57.49484,15.8416513
0861,Mönsterås kommun,Kalmar län,13395,941.04,599.41,8.62,333.02,22.35,57.059597,16.4655251,57.0225089,16.4153959,57.0415797,16.44312
0862,Emmaboda kommun,Kalmar län,9348,718.53,689.54,28.99,0.00,13.56,56.6358669,15.5572664,56.6235921,15.5252516,56.62973,15.541259
0880,Kalmar kommun,Kalmar län,66571,1250.87,956.62,3.96,290.38,69.59,56.7283809,16.3854989,56.6465394,16.2684111,56.6634447,16.356779
0881,Nybro kommun,Kalmar län,20311,1201.63,1171.72,29.91,0.00,17.33,56.7511302,15.9238814,56.7388928,15.8918666,56.745012,15.907874
0882,Oskarshamns kommun,Kalmar län,27006,2279.96,1046.66,48.31,1182.43,25.80,57.2920961,16.4884022,57.239841,16.3755291,57.2656993,16.4473984
0883,Västerviks kommun,Kalmar län,36438,3594.61,1874.47,152.45,1569.86,19.44,57.75961398,16.63149098,57.75691602,16.62879302,57.758265,16.630142
0884,Vimmerby kommun,Kalmar län,15636,1219.80,1140.22,79.58,0.00,13.71,57.6840129,15.890071,57.652537,15.816974,57.6690339,15.858857
0885,Borgholms kommun,Kalmar län,10930,3654.12,677.84,3.56,2973.44,16.12,56.8868909,16.6841911,56.866457,16.6436681,56.8802297,16.6562355
0980,Gotlands kommun,Gotlands län,58003,15242.28,3134.98,31.77,12074.32,18.50,57.9298153,19.1228588,56.9049485,18.0855621,57.4684121,18.4867447
1060,Olofströms kommun,Blekinge län,13417,413.44,389.79,23.65,0.00,34.42,56.27941638,14.52392188,56.27671842,14.52122392,56.2780674,14.5225729
1080,Karlskrona kommun,Blekinge län,66262,3338.03,1042.05,27.60,2268.40,63.59,56.230162,15.6912351,56.14811,15.5606735,56.161224,15.5869
1081,Ronneby kommun,Blekinge län,29207,1241.84,825.29,36.54,380.01,35.39,56.2136676,15.6124644,56.1957947,15.5874106,56.2054368,15.6037495
1082,Karlshamns kommun,Blekinge län,32130,832.43,488.68,19.92,323.83,65.75,56.16541688,14.89637538,56.16271892,14.89367742,56.1640679,14.8950264
1083,Sölvesborgs kommun,Blekinge län,17437,1106.41,185.31,0.58,920.52,94.10,56.5022141,16.0679243,55.9901428,14.3528851,56.2783837,15.0180058
1214,Svalövs kommun,Skåne län,13919,388.62,387.18,1.44,0.00,35.95,55.92184,13.118234,55.9037431,13.088994,55.9129296,13.1018168
1230,Staffanstorps kommun,Skåne län,23600,107.27,106.78,0.49,0.00,221.02,55.6582801,13.355178,55.595168,13.1247249,55.641065,13.212229
1231,Burlövs kommun,Skåne län,17646,19.21,18.90,0.13,0.18,933.65,55.666606,13.1406339,55.602549,13.0488918,55.6319129,13.096379
1233,Vellinge kommun,Skåne län,35257,705.62,142.66,1.19,561.61,247.14,55.488096,13.043046,55.456573,13.0076679,55.4708928,13.0199899
1256,Östra Göinge kommun,Skåne län,14406,451.14,431.84,19.30,0.00,33.36,56.452628,14.378548,56.116664,13.9645249,56.2378773,14.2161662
1257,Örkelljunga kommun,Skåne län,9958,329.70,319.50,10.20,0.00,31.17,56.301961,13.311899,56.266761,13.2474369,56.283635,13.278832
1260,Bjuvs kommun,Skåne län,15202,115.80,115.31,0.49,0.00,131.84,56.08614918,12.91614258,56.08345122,12.91344462,56.0848002,12.9147936
1261,Kävlinge kommun,Skåne län,30532,292.44,152.54,1.09,138.82,200.16,55.808029,13.1518599,55.7786061,13.079571,55.7939999,13.1104293
1262,Lomma kommun,Skåne län,23887,90.20,55.51,0.83,33.85,430.32,55.68995,13.0975299,55.6587511,13.0547431,55.6706674,13.077576
1263,Svedala kommun,Skåne län,20771,227.11,217.91,9.20,0.00,95.32,55.527168,13.4725908,55.421128,13.1783852,55.5089084,13.2371097
1264,Skurups kommun,Skåne län,15408,510.95,193.51,1.65,315.80,79.62,55.48054788,13.50235818,55.47784992,13.49966022,55.4791989,13.5010092
1265,Sjöbo kommun,Skåne län,18742,506.64,492.01,14.63,0.00,38.09,55.640587,13.859235,55.5098351,13.5171429,55.5934072,13.6977756
1266,Hörby kommun,Skåne län,15283,433.07,419.37,13.70,0.00,36.44,55.8636679,13.6816939,55.8396759,13.643817,55.851716,13.6619255
1267,Höörs kommun,Skåne län,16192,319.87,290.55,29.32,0.00,55.73,55.93341018,13.54338318,55.93071222,13.54068522,55.9320612,13.5420342
1270,Tomelilla kommun,Skåne län,13330,397.39,395.93,1.46,0.00,33.67,55.570886,13.9792422,55.5302811,13.9077371,55.54355,13.95484
1272,Bromölla kommun,Skåne län,12625,197.14,162.49,22.78,11.87,77.70,56.07593078,14.47137238,56.07323282,14.46867442,56.0745818,14.4700234
1273,Osby kommun,Skåne län,13149,599.85,576.38,23.47,0.00,22.81,56.400339,14.036506,56.353252,13.9648611,56.3815355,13.9929413
1275,Perstorps kommun,Skåne län,7338,161.93,158.77,3.16,0.00,46.22,55.4746061,13.0257506,55.4699345,13.0169436,55.4726302,13.0232164
1276,Klippans kommun,Skåne län,17219,379.41,374.32,5.09,0.00,46.00,56.13690128,13.12930778,56.13420332,13.12660982,56.1355523,13.1279588
1277,Åstorps kommun,Skåne län,15528,92.62,92.35,0.27,0.00,168.14,56.1481789,12.9761791,56.121007,12.8903391,56.134262,12.945908
1278,Båstads kommun,Skåne län,14614,889.25,217.13,0.62,664.15,67.31,56.42776678,12.84751458,56.42506882,12.84481662,56.4264178,12.8461656
1280,Malmö kommun,Skåne län,328494,332.61,156.60,1.76,173.93,2097.66,55.639951,13.1507608,55.5017314,12.8894594,55.604981,13.003822
1281,Lunds kommun,Skåne län,118542,439.91,427.07,12.84,0.00,277.57,55.7440789,13.260202,55.6695239,13.13579,55.7046601,13.1910073
1282,Landskrona kommun,Skåne län,44611,300.67,140.26,0.76,159.63,318.06,55.9056341,12.8832798,55.8533971,12.810608,55.8703477,12.8300802
1283,Helsingborgs kommun,Skåne län,140547,423.93,343.89,1.43,78.60,408.70,56.2350684,12.8629462,56.1836382,12.8427726,56.2090107,12.8557318
1284,Höganäs kommun,Skåne län,25847,668.78,143.50,0.38,532.25,180.12,56.219599,12.5996919,56.179702,12.532773,56.2006388,12.5553288
1285,Eslövs kommun,Skåne län,32878,424.68,419.02,5.66,0.00,78.46,55.85642,13.3347121,55.820682,13.2682741,55.8391198,13.3033914
1286,Ystads kommun,Skåne län,29448,1189.26,350.00,5.04,834.28,84.14,55.5459148,13.2018407,55.5283847,13.1443448,55.5367258,13.1726454
1287,Trelleborgs kommun,Skåne län,43913,1175.07,339.80,2.38,832.83,129.23,55.37485678,13.15932448,55.37215882,13.15662652,55.3735078,13.1579755
1290,Kristianstads kommun,Skåne län,83191,1817.25,1245.22,94.13,478.90,66.81,55.565076,14.3470449,55.5562294,14.33599,55.5606075,14.3412722
1291,Simrishamns kommun,Skåne län,19485,1262.16,392.34,1.10,867.72,49.66,55.5767769,14.360677,55.538923,14.3260224,55.5573959,14.3489651
1292,Ängelholms kommun,Skåne län,41336,477.93,419.87,11.29,46.75,98.45,56.284446,12.907386,56.220303,12.826298,56.245748,12.863881
1293,Hässleholms kommun,Skåne län,51667,1306.39,1268.97,37.42,0.00,40.72,56.186562,13.8253232,56.1373,13.7272251,56.1589145,13.7667655
1315,Hylte kommun,Hallands län,10954,1046.60,946.53,100.07,0.00,11.57,57.113513,13.6937639,56.823528,13.2398811,56.9546839,13.5284689
1380,Halmstads kommun,Hallands län,98538,1699.98,1013.97,16.98,668.94,97.18,56.68109068,12.88518248,56.67839272,12.88248452,56.6797417,12.8838335
1381,Laholms kommun,Hallands län,24664,963.40,882.80,19.34,61.25,27.94,56.5194049,13.0651259,56.4916209,13.0074661,56.5057557,13.0456048
1382,Falkenbergs kommun,Hallands län,43867,1825.90,1108.53,47.81,669.38,39.57,56.935332,12.585301,56.861647,12.4059,56.9027333,12.4888013
1383,Varbergs kommun,Hallands län,61868,1703.46,868.62,41.03,793.71,71.23,57.11013958,12.25583208,57.10744162,12.25313412,57.1087906,12.2544831
1384,Kungsbacka kommun,Hallands län,80442,1472.93,606.60,35.17,831.17,132.61,57.5039972,12.0837738,57.5031332,12.0810775,57.5035562,12.0823342
1401,Härryda kommun,Västra Götalands län,37108,291.66,266.70,24.96,0.00,139.14,57.7393089,12.565781,57.588192,12.0672281,57.660155,12.2915063
1402,Partille kommun,Västra Götalands län,37316,58.41,56.80,1.61,0.00,656.97,57.774382,12.168854,57.7293309,12.0923229,57.7366497,12.1251968
1407,Öckerö kommun,Västra Götalands län,12773,511.42,25.75,0.13,485.53,496.04,57.8039719,11.713709,57.6534621,11.5190691,57.711741,11.6487886
1415,Stenungsunds kommun,Västra Götalands län,25815,301.05,251.87,14.02,35.21,102.49,58.103684,11.890088,58.038663,11.7985215,58.0678388,11.8294346
1419,Tjörns kommun,Västra Götalands län,15584,845.93,167.36,0.79,677.80,93.12,58.0972847,11.7974173,57.906848,11.4397657,58.0410195,11.6836708
1421,Orusts kommun,Västra Götalands län,15093,883.11,386.49,4.54,491.96,39.05,58.3125169,11.8641609,58.0564579,11.3256901,58.1866415,11.6069189
1427,Sotenäs kommun,Västra Götalands län,9065,684.37,138.20,1.23,544.94,65.59,58.502153,11.4629181,58.2854732,11.1821058,58.4401392,11.3614392
1430,Munkedals kommun,Västra Götalands län,10361,675.04,634.02,33.67,7.33,16.34,58.4954021,11.71191,58.449742,11.6544327,58.4715051,11.6801923
1435,Tanums kommun,Västra Götalands län,12606,2351.37,917.21,37.63,1396.53,13.74,58.910364,11.7611478,58.476428,11.0617413,58.7327267,11.4578192
1438,Dals-Eds kommun,Västra Götalands län,4777,825.43,724.31,101.12,0.00,6.60,59.2575091,12.1578899,58.750376,11.6143729,58.9743879,11.8651749
1439,Färgelanda kommun,Västra Götalands län,6627,618.32,588.98,29.34,0.00,11.25,58.6524456,12.0560607,58.6505114,12.05402,58.6513706,12.0548287
1440,Ale kommun,Västra Götalands län,29549,332.13,317.01,15.12,0.00,93.21,58.1137351,12.4445669,57.8067941,12.0055011,57.988605,12.2344546
1441,Lerums kommun,Västra Götalands län,40692,308.41,258.55,49.86,0.00,157.39,57.77113728,12.27099938,57.76843932,12.26830142,57.7697883,12.2696504
1442,Vårgårda kommun,Västra Götalands län,11295,441.24,426.58,14.66,0.00,26.48,59.2620341,14.7148173,57.14008,10.9631866,58.2527926,13.0596425
1443,Bollebygds kommun,Västra Götalands län,9102,282.39,263.16,19.23,0.00,34.59,57.653409,12.6190536,57.554222,12.5226181,57.6005306,12.5891024
1444,Grästorps kommun,Västra Götalands län,5721,280.65,264.64,1.17,0.00,21.62,58.3428211,12.6946609,58.3220511,12.66534,58.3340403,12.6802177
1445,Essunga kommun,Västra Götalands län,5620,235.68,234.58,1.10,0.00,23.96,59.2620341,14.7148173,57.14008,10.9631866,58.2527926,13.0596425
1446,Karlsborgs kommun,Västra Götalands län,6913,797.32,405.82,77.27,0.00,17.03,58.55556838,14.01487198,58.55287042,14.01217402,58.5542194,14.013523
1447,Gullspångs kommun,Västra Götalands län,5307,554.95,315.44,69.08,0.00,16.82,58.9902571,14.1240561,58.974238,14.0771162,58.985467,14.096623
1452,Tranemo kommun,Västra Götalands län,11776,778.48,741.20,37.28,0.00,15.89,57.48525888,13.35211948,57.48256092,13.34942152,57.4839099,13.3507705
1460,Bengtsfors kommun,Västra Götalands län,9940,1059.18,882.98,176.20,0.00,11.26,59.048552,12.2483019,59.013731,12.1865241,59.028612,12.226943
1461,Melleruds kommun,Västra Götalands län,9323,944.46,513.74,47.62,0.00,18.15,58.7044745,12.4684864,58.6928805,12.4364716,58.698678,12.452479
1462,Lilla Edets kommun,Västra Götalands län,13728,341.79,315.64,26.15,0.00,43.49,58.147245,12.1483892,58.117071,12.1001771,58.132158,12.1241336
1463,Marks kommun,Västra Götalands län,34218,1013.20,929.20,84.00,0.00,36.83,57.633062,12.9576719,57.2652921,12.250487,57.4253176,12.5695216
1465,Svenljunga kommun,Västra Götalands län,10679,987.14,919.68,67.46,0.00,11.61,57.510678,13.1321549,57.481103,13.0833219,57.4955715,13.1146225
1466,Herrljunga kommun,Västra Götalands län,9486,509.52,497.48,12.04,0.00,19.07,58.07841678,13.02814618,58.07571882,13.02544822,58.0770678,13.0267972
1470,Vara kommun,Västra Götalands län,15788,700.65,696.93,3.72,0.00,22.65,58.2714361,12.978812,58.2537559,12.9375729,58.261781,12.960194
1471,Götene kommun,Västra Götalands län,13275,620.71,404.51,0.93,0.00,32.82,58.536836,13.5187669,58.5116459,13.4436919,58.528002,13.491428
1472,Tibro kommun,Västra Götalands län,11070,235.20,219.80,15.40,0.00,50.36,58.4320959,14.1968279,58.4011629,14.119229,58.424323,14.1616418
1473,Töreboda kommun,Västra Götalands län,9435,591.14,540.69,50.45,0.00,17.45,58.7220369,14.1545551,58.6909401,14.1088791,58.7055092,14.1261468
1480,Göteborgs kommun,Västra Götalands län,556640,1024.04,447.88,14.21,563.28,1242.83,57.6526376,11.9454514,57.6406954,11.9134366,57.646667,11.929444
1481,Mölndals kommun,Västra Götalands län,64465,152.28,145.84,6.44,0.00,442.03,57.6914934,12.0066848,57.6764804,11.9913829,57.6841241,11.999811
1482,Kungälvs kommun,Västra Götalands län,43289,682.57,362.45,8.38,311.60,119.43,58.2784766,12.2716042,58.2719738,12.2495703,58.2772609,12.2596732
1484,Lysekils kommun,Västra Götalands län,14570,695.42,208.45,0.85,486.11,69.90,58.2919169,11.4768472,58.2673945,11.4183488,58.275573,11.435558
1485,Uddevalla kommun,Västra Götalands län,55164,733.05,637.66,12.65,82.72,86.51,58.382303,12.0143339,58.322688,11.865948,58.3498003,11.935649
1486,Strömstads kommun,Västra Götalands län,13079,951.84,467.47,10.13,474.24,27.98,58.3537104,11.9327617,58.3519013,11.9160773,58.3527396,11.9242665
1487,Vänersborgs kommun,Västra Götalands län,38955,898.83,642.60,23.02,0.00,60.62,58.3319379,12.2936179,58.2867996,12.2665924,58.3117155,12.2918706
1488,Trollhättans kommun,Västra Götalands län,57753,427.71,409.86,17.85,0.00,140.91,58.332091,12.3647059,58.244792,12.2400791,58.2834894,12.2858206
1489,Alingsås kommun,Västra Götalands län,40045,551.16,472.00,79.16,0.00,84.84,58.0869811,12.817512,57.7928401,12.3760749,57.9799652,12.5557707
1490,Borås kommun,Västra Götalands län,109880,967.53,909.88,57.65,0.00,120.76,57.5121391,13.1120116,57.496565,13.1079961,57.5044942,13.1104746
1491,Ulricehamns kommun,Västra Götalands län,23887,1116.89,1046.03,70.86,0.00,22.84,59.2620341,14.7148173,57.14008,10.9631866,58.2527926,13.0596425
1492,Åmåls kommun,Västra Götalands län,12801,889.72,481.11,52.39,0.00,26.61,59.0759221,12.723915,59.027336,12.6741189,59.051117,12.6977323
1493,Mariestads kommun,Västra Götalands län,24215,1503.24,602.47,10.93,0.00,40.19,58.71113968,13.82310508,58.70844172,13.82040712,58.7097907,13.8217561
1494,Lidköpings kommun,Västra Götalands län,39235,1372.60,698.63,2.68,0.00,56.16,58.546194,13.2126519,58.474168,13.0831159,58.5035047,13.1570768
1495,Skara kommun,Västra Götalands län,18979,448.69,428.62,20.07,0.00,44.28,58.38867228,13.44141018,58.38597432,13.43871222,58.3873233,13.4400612
1496,Skövde kommun,Västra Götalands län,54133,685.08,673.68,11.40,0.00,80.35,58.437518,13.9103311,58.3630159,13.8094438,58.3902782,13.8461208
1497,Hjo kommun,Västra Götalands län,9048,584.47,297.04,5.09,0.00,30.46,58.3985911,13.9252947,58.3952239,13.8815525,58.3984771,13.9030062
1498,Tidaholms kommun,Västra Götalands län,12797,522.94,517.98,4.96,0.00,24.71,57.9245226,13.8825699,57.9135853,13.8716609,57.9191645,13.8777292
1499,Falköpings kommun,Västra Götalands län,32806,1065.77,1044.88,20.89,0.00,31.40,58.19667,13.5928939,58.144402,13.512542,58.175029,13.553217
1715,Kils kommun,Värmlands län,11800,406.87,359.72,47.15,0.00,32.80,59.50469948,13.31892088,59.50200152,13.31622292,59.5033505,13.3175719
1730,Eda kommun,Värmlands län,8526,894.93,820.18,74.75,0.00,10.40,59.8386627,12.3326744,59.8274484,12.3006596,59.833056,12.316667
1737,Torsby kommun,Värmlands län,12169,4357.42,4162.21,195.21,0.00,2.92,60.656962,13.4708468,60.0140351,12.460801,60.1835706,12.9319421
1760,Storfors kommun,Värmlands län,4046,472.71,391.68,81.03,0.00,10.33,59.5510509,14.2936792,59.523902,14.2566111,59.5332079,14.2722085
1761,Hammarö kommun,Värmlands län,15725,464.15,59.44,0.90,0.00,264.55,59.3659339,13.7039031,59.250805,13.4123701,59.289306,13.5177132
1762,Munkfors kommun,Värmlands län,3738,147.97,141.58,6.39,0.00,26.40,59.3834583,13.5185957,59.382169,13.5161688,59.3827781,13.5176245
1763,Forshaga kommun,Värmlands län,11451,397.29,348.16,49.13,0.00,32.89,59.52880328,13.49059838,59.52610532,13.48790042,59.5274543,13.4892494
1764,Grums kommun,Värmlands län,9063,478.81,386.36,47.87,0.00,23.46,59.3724261,13.1308061,59.312291,13.0818034,59.3531787,13.1117319
1765,Årjängs kommun,Värmlands län,9958,1653.04,1409.44,243.60,0.00,7.07,59.402859,12.1648531,59.3672679,12.103345,59.3891592,12.132717
1766,Sunne kommun,Värmlands län,13425,1448.25,1288.02,160.23,0.00,10.42,59.8543009,13.1638959,59.8222724,13.12341,59.8365575,13.1440464
1780,Karlstads kommun,Värmlands län,90198,1517.74,1168.66,73.89,0.00,77.18,59.38076088,13.49693258,59.37806292,13.49423462,59.3794119,13.4955836
1781,Kristinehamns kommun,Värmlands län,24671,1384.43,755.20,40.66,0.00,32.67,59.554862,14.3613209,59.002242,13.7777539,59.2314721,14.1604548
1782,Filipstads kommun,Värmlands län,10960,1711.71,1534.04,177.67,0.00,7.14,59.731068,14.2008521,59.6874331,14.133836,59.7139973,14.1698445
1783,Hagfors kommun,Värmlands län,11917,2000.15,1824.19,175.96,0.00,6.53,60.03276268,13.70349078,60.03006472,13.70079282,60.0314137,13.7021418
1784,Arvika kommun,Värmlands län,26054,1956.13,1649.03,307.10,0.00,15.80,59.762078,12.7258871,59.5627009,12.162078,59.6424649,12.4570024
1785,Säffle kommun,Värmlands län,15633,2497.51,1220.88,97.37,0.00,12.80,59.285767,12.9374739,59.097339,12.4166587,59.1915076,12.7599042
1814,Lekebergs kommun,Örebro län,7636,481.67,463.16,18.51,0.00,16.49,59.341715,15.063121,59.046314,14.5226229,59.1653904,14.7434068
1860,Laxå kommun,Örebro län,5709,737.56,602.00,135.56,0.00,9.48,59.1158679,14.840704,58.846124,14.4716149,58.9896252,14.6388738
1861,Hallsbergs kommun,Örebro län,15649,670.22,636.71,33.51,0.00,24.58,59.06672298,15.10636938,59.06402502,15.10367142,59.065374,15.1050204
1862,Degerfors kommun,Örebro län,9609,433.71,383.95,49.76,0.00,25.03,59.2595339,14.4588331,59.2134479,14.3971351,59.2391027,14.4339179
1863,Hällefors kommun,Örebro län,7138,1151.26,984.96,166.30,0.00,7.25,59.800914,14.5417381,59.76799,14.4868459,59.783688,14.5225692
1864,Ljusnarsbergs kommun,Örebro län,5006,631.10,575.54,55.56,0.00,8.70,60.1056601,15.239447,59.7461571,14.6847442,59.9752934,14.8777794
1880,Örebro kommun,Örebro län,146631,1620.59,1373.02,50.60,0.00,106.79,59.32867,15.2804088,59.227477,15.1245001,59.2752626,15.2134105
1881,Kumla kommun,Örebro län,21334,205.79,204.20,1.59,0.00,104.48,59.145353,15.1691279,59.1053329,15.111641,59.1265359,15.1401053
1882,Askersunds kommun,Örebro län,11282,1019.74,816.46,60.91,0.00,13.82,58.9010429,14.926394,58.8766011,14.8942199,58.8894268,14.9109867
1883,Karlskoga kommun,Örebro län,30538,510.36,468.24,42.12,0.00,65.22,59.3728809,14.613586,59.295808,14.4501969,59.328634,14.536414
1884,Nora kommun,Örebro län,10665,690.82,618.54,72.28,0.00,17.24,59.540297,15.045659,59.486875,14.9936099,59.5192064,15.0378667
1885,Lindesbergs kommun,Örebro län,23744,1480.50,1377.60,102.90,0.00,17.24,59.5972573,15.2450074,59.5859618,15.2129926,59.59161,15.229
1904,Skinnskattebergs kommun,Västmanlands län,4429,718.18,659.42,58.76,0.00,6.72,59.83172648,15.68377748,59.82902852,15.68107952,59.8303775,15.6824285
1907,Surahammars kommun,Västmanlands län,10059,368.99,343.90,25.09,0.00,29.25,59.722123,16.2481,59.689157,16.1918181,59.7072262,16.2268409
1960,Kungsörs kommun,Västmanlands län,8432,227.13,202.62,0.93,0.00,41.61,59.42396808,16.09898488,59.42127012,16.09628692,59.4226191,16.0976359
1961,Hallstahammars kommun,Västmanlands län,15843,180.26,169.53,1.76,0.00,93.45,59.631391,16.262175,59.5933559,16.1949461,59.6132041,16.2294755
1962,Norbergs kommun,Västmanlands län,5795,447.69,417.86,29.83,0.00,13.87,60.06670918,15.92554998,60.06401122,15.92285202,60.0653602,15.924201
1980,Västerås kommun,Västmanlands län,147420,1137.82,958.83,4.18,0.00,153.75,59.676659,16.6539362,59.572525,16.4362452,59.6099005,16.5448091
1981,Sala kommun,Västmanlands län,22353,1204.37,1166.83,37.54,0.00,19.16,59.92158898,16.60785398,59.91889102,16.60515602,59.92024,16.606505
1982,Fagersta kommun,Västmanlands län,13445,310.40,269.03,41.37,0.00,49.98,60.025489,15.8470908,59.9711851,15.7493418,59.989144,15.8166418
1983,Köpings kommun,Västmanlands län,25950,644.48,604.27,26.26,0.00,42.94,59.9912688,15.8161737,59.9634925,15.7653594,59.9770336,15.7915677
1984,Arboga kommun,Västmanlands län,13903,419.38,325.40,6.02,0.00,42.73,59.41416,15.9107909,59.373032,15.8011301,59.3936883,15.8381747
2021,Vansbro kommun,Dalarnas län,6884,1657.34,1539.55,117.79,0.00,4.47,60.5210514,14.2507974,60.5100677,14.2187826,60.51556,14.23479
2023,Malung-Sälens kommun,Dalarnas län,10091,4312.50,4084.89,227.61,0.00,2.47,60.68507038,13.71656328,60.68237242,13.71386532,60.6837214,13.7152143
2026,Gagnefs kommun,Dalarnas län,10175,812.33,767.17,45.16,0.00,13.26,60.6632441,15.2864281,60.2714809,14.554339,60.4527768,14.8480045
2029,Leksands kommun,Dalarnas län,15507,1411.98,1221.26,190.72,0.00,12.70,60.5066917,15.4043873,60.5060252,15.4038171,60.50623,15.4041053
2031,Rättviks kommun,Dalarnas län,10856,2137.81,1920.67,217.14,0.00,5.65,60.9045229,15.1494699,60.8589321,15.0536739,60.889025,15.123373
2034,Orsa kommun,Dalarnas län,6861,1797.39,1730.79,66.60,0.00,3.96,61.158687,14.67871,61.0739521,14.583739,61.1169365,14.6280708
2039,Älvdalens kommun,Dalarnas län,7039,7142.83,6871.91,270.92,0.00,1.02,62.2665581,14.354617,61.102689,12.1380692,61.9321196,12.990459
2061,Smedjebackens kommun,Dalarnas län,10909,1057.81,947.95,109.86,0.00,11.51,60.14078608,15.41645658,60.13808812,15.41375862,60.1394371,15.4151076
2062,Mora kommun,Dalarnas län,20279,3111.54,2812.43,299.11,0.00,7.21,61.01049128,14.54734778,61.00779332,14.54464982,61.0091423,14.5459988
2080,Falu kommun,Dalarnas län,57685,2275.22,2040.27,234.95,0.00,28.27,60.60910398,15.63101198,60.60640602,15.62831402,60.607755,15.629663
2081,Borlänge kommun,Dalarnas län,51604,635.82,583.92,51.90,0.00,88.38,60.539025,15.5445468,60.4135011,15.350771,60.484304,15.433969
2082,Säters kommun,Dalarnas län,11086,624.53,570.33,54.20,0.00,19.44,60.9143143,15.0214846,60.9128243,15.0168691,60.9135138,15.0193019
2083,Hedemora kommun,Dalarnas län,15461,928.81,834.75,94.06,0.00,18.52,60.550233,16.3922129,60.20903,15.994295,60.369005,16.1508133
2084,Avesta kommun,Dalarnas län,23161,669.03,613.20,55.83,0.00,37.77,62.280241,16.739265,59.852169,12.1331131,61.0917012,14.6663653
2085,Ludvika kommun,Dalarnas län,26933,1647.81,1490.37,157.44,0.00,18.07,60.2845509,15.4390582,59.9260671,15.018307,60.0992705,15.2371951
2101,Ockelbo kommun,Gävleborgs län,5856,1129.03,1064.76,64.27,0.00,5.50,60.923201,16.7513458,60.8739289,16.6848041,60.891784,16.7201873
2104,Hofors kommun,Gävleborgs län,9564,445.72,409.95,35.77,0.00,23.33,60.5728501,16.3261499,60.5269281,16.2578322,60.54595,16.2841
2121,Ovanåkers kommun,Gävleborgs län,11631,2016.98,1873.32,143.66,0.00,6.21,61.35108298,16.39503698,61.34838502,16.39233902,61.349734,16.393688
2132,Nordanstigs kommun,Gävleborgs län,9511,2526.16,1370.48,84.85,1070.68,6.94,62.2593851,17.6414712,61.816727,16.1284588,62.0366675,17.205249
2161,Ljusdals kommun,Gävleborgs län,19067,5609.79,5256.37,353.42,0.00,3.63,61.83405798,16.10187718,61.83136002,16.09917922,61.832709,16.1005282
2180,Gävle kommun,Gävleborgs län,99788,3200.42,1613.84,169.15,1417.27,61.83,60.74116,17.3043159,60.634524,17.0749891,60.6748796,17.1412726
2181,Sandvikens kommun,Gävleborgs län,38949,1296.64,1165.78,130.86,0.00,33.41,60.62296698,16.77808018,60.62026902,16.77538222,60.621618,16.7767312
2182,Söderhamns kommun,Gävleborgs län,25992,2281.34,1060.85,110.98,1109.51,24.50,61.30614398,17.05387498,61.30344602,17.05117702,61.304795,17.052526
2183,Bollnäs kommun,Gävleborgs län,26929,1976.64,1814.04,162.60,0.00,14.84,61.377742,16.4424279,61.322606,16.3288508,61.3483795,16.3942685
2184,Hudiksvalls kommun,Gävleborgs län,37299,4516.74,2489.05,255.65,1771.92,14.99,61.763567,17.1896928,61.6976729,17.0631818,61.7273909,17.107401
2260,Ånge kommun,Västernorrlands län,9495,3295.61,3050.26,245.35,0.00,3.11,62.5332519,15.6950731,62.5126291,15.6144858,62.5228738,15.6589419
2262,Timrå kommun,Västernorrlands län,17992,1234.31,783.26,39.45,411.45,22.97,62.524969,17.4205651,62.469055,17.2738009,62.4854563,17.3248651
2280,Härnösands kommun,Västernorrlands län,25269,1938.61,1058.32,42.64,837.62,23.88,62.63178888,17.94516378,62.62909092,17.94246582,62.6304399,17.9438148
2281,Sundsvalls kommun,Västernorrlands län,98325,4444.61,3189.71,262.58,992.24,30.83,62.4667477,17.3972672,62.324918,17.1873897,62.390811,17.306927
2282,Kramfors kommun,Västernorrlands län,18681,2892.57,1694.65,90.41,1107.53,11.02,62.9440551,17.8398661,62.911079,17.7247079,62.9284332,17.7862947
2283,Sollefteå kommun,Västernorrlands län,19846,5761.82,5396.48,365.34,0.00,3.68,63.186344,17.3297261,63.147983,17.206697,63.1654065,17.277135
2284,Örnsköldsviks kommun,Västernorrlands län,55964,8429.04,6376.05,363.09,1689.85,8.78,63.326957,18.7993949,63.239483,18.5708369,63.2900474,18.7166166
2303,Ragunda kommun,Jämtlands län,5415,2633.10,2510.96,122.14,0.00,2.16,63.514635,16.9977869,62.9164701,15.2181678,63.1246168,16.3665889
2305,Bräcke kommun,Jämtlands län,6492,3783.41,3408.09,375.32,0.00,1.90,63.3883316,14.0160074,63.3783336,13.9839926,63.383333,14
2309,Krokoms kommun,Jämtlands län,14843,6812.61,6154.45,658.16,0.00,2.41,63.2289599,14.773303,63.132397,14.5108614,63.1766832,14.6360681
2313,Strömsunds kommun,Jämtlands län,11809,11780.83,10464.65,1316.18,0.00,1.13,63.867565,15.5832661,63.839677,15.5424191,63.8536621,15.5568691
2321,Åre kommun,Jämtlands län,11088,8236.46,7194.95,1041.51,0.00,1.54,63.4074583,13.1106945,63.386836,13.047816,63.3990428,13.0815059
2326,Bergs kommun,Jämtlands län,7081,6145.46,5710.18,435.28,0.00,1.24,63.081067,14.878175,62.289538,12.070339,62.7724812,14.1698666
2361,Härjedalens kommun,Jämtlands län,10200,11859.63,11283.83,575.80,0.00,0.90,62.642023,14.373635,61.7599261,12.0744849,62.2944578,13.1942936
2380,Östersunds kommun,Jämtlands län,61745,2501.09,2208.29,292.80,0.00,27.96,63.2289599,14.773303,63.132397,14.5108614,63.1766832,14.6360681
2401,Nordmalings kommun,Västerbottens län,7132,2472.47,1229.59,40.21,1202.46,5.80,63.580474,19.5355647,63.56019,19.4710248,63.566667,19.5
2403,Bjurholms kommun,Västerbottens län,2454,1363.76,1306.77,56.99,0.00,1.88,63.938525,19.24159,63.919804,19.1977812,63.9304056,19.2192125
2404,Vindelns kommun,Västerbottens län,5413,2846.87,2630.05,216.82,0.00,2.06,64.20325308,19.72018758,64.20055512,19.71748962,64.2019041,19.7188386
2409,Robertsfors kommun,Västerbottens län,6784,2369.78,1292.32,21.06,1056.28,5.25,66.340329,21.6169479,63.4054636,14.2568099,65.3337311,16.5161695
2417,Norsjö kommun,Västerbottens län,4125,1923.58,1739.15,184.43,0.00,2.37,64.9246391,19.5192788,64.902527,19.4544337,64.9135093,19.4826413
2418,Malå kommun,Västerbottens län,3100,1727.48,1598.21,129.27,0.00,1.94,65.1990739,18.7692682,65.1706689,18.7045171,65.18512,18.74907
2421,Storumans kommun,Västerbottens län,5899,8234.13,7299.64,934.49,0.00,0.81,66.150592,16.716909,65.334505,14.4952551,65.5629922,15.2948303
2422,Sorsele kommun,Västerbottens län,2535,7957.69,7367.04,590.65,0.00,0.34,65.540059,17.5432955,65.5308172,17.5112807,65.5354385,17.5272881
2425,Dorotea kommun,Västerbottens län,2719,2939.91,2764.53,175.38,0.00,0.98,64.272768,16.441826,64.2527589,16.381826,64.2617939,16.4152338
2460,Vännäs kommun,Västerbottens län,8695,553.70,529.49,24.21,0.00,16.42,63.90681208,19.75279948,63.90411412,19.75010152,63.9054631,19.7514505
2462,Vilhelmina kommun,Västerbottens län,6805,8740.52,8048.43,692.09,0.00,0.85,64.2134402,17.3712367,64.1678932,17.3131354,64.1909375,17.3430378
2463,Åsele kommun,Västerbottens län,2875,4543.71,4223.52,320.19,0.00,0.68,64.1672645,17.3699063,64.1575387,17.3378915,64.162402,17.3538989
2480,Umeå kommun,Västerbottens län,122892,5215.03,2317.12,80.49,2815.78,53.04,63.875971,20.365735,63.777877,20.118188,63.8258471,20.2630354
2481,Lycksele kommun,Västerbottens län,12187,5888.93,5518.18,370.75,0.00,2.21,64.1686722,17.3886543,64.1661122,17.37378,64.168142,17.3806303
2482,Skellefteå kommun,Västerbottens län,72266,9956.90,6800.56,373.73,2782.92,10.63,64.74757608,20.95866708,64.74487812,20.95596912,64.7462271,20.9573181
2505,Arvidsjaurs kommun,Norrbottens län,6442,6126.30,5655.59,470.71,0.00,1.14,65.3184807,21.4001671,65.3126918,21.317374,65.3165601,21.3567714
2506,Arjeplogs kommun,Norrbottens län,2876,14494.16,12557.59,1936.57,0.00,0.23,66.0557289,17.9137616,66.03603,17.8361258,66.0515051,17.8900543
2510,Jokkmokks kommun,Norrbottens län,5105,19334.40,17600.76,1733.64,0.00,0.29,66.6128031,19.904502,66.5887509,19.7951527,66.6069609,19.8229206
2513,Överkalix kommun,Norrbottens län,3378,2919.47,2764.52,154.95,0.00,1.22,69.063072,24.1624078,65.060635,15.3723748,66.8309216,20.3991966
2514,Kalix kommun,Norrbottens län,16223,3710.85,1803.08,100.68,1808.30,9.00,65.85696488,23.14614788,65.85426692,23.14344992,65.8556159,23.1447989
2518,Övertorneå kommun,Norrbottens län,4534,2492.52,2362.30,130.22,0.00,1.92,66.9843479,24.0008159,66.0592751,23.0061231,66.5158379,23.5729618
2521,Pajala kommun,Norrbottens län,6116,8050.71,7840.30,210.41,0.00,0.78,69.063072,24.1624078,65.060635,15.3723748,66.8309216,20.3991966
2523,Gällivare kommun,Norrbottens län,17956,16818.24,15690.78,1127.46,0.00,1.14,68.1217059,22.5038398,66.727598,16.114486,67.5021116,19.0487443
2560,Älvsbyns kommun,Norrbottens län,8193,1795.24,1699.24,96.00,0.00,4.82,65.690748,21.0586047,65.65638,20.9665278,65.6771363,20.9928659
2580,Luleå kommun,Norrbottens län,76770,4962.19,2094.08,148.39,2711.28,36.66,65.629758,22.3051211,65.5444445,22.057593,65.584819,22.1567026
2581,Piteå kommun,Norrbottens län,41904,4678.23,3086.04,149.04,1445.45,13.58,65.3475283,21.5589681,65.261912,21.3986559,65.316698,21.4800364
2582,Bodens kommun,Norrbottens län,28042,4285.10,4007.89,277.21,0.00,7.00,65.8555831,21.781993,65.7888981,21.5470054,65.8251188,21.6887028
2583,Haparanda kommun,Norrbottens län,9864,1866.62,921.27,38.58,908.42,10.71,65.6408692,22.138269,65.6016965,22.1167018,65.621281,22.1271203
2584,Kiruna kommun,Norrbottens län,23167,20551.45,19155.37,1396.08,0.00,1.21,67.8841239,20.368803,67.8232801,20.1440569,67.8557995,20.2252821